"Project Name","Project Description","Project Start date","Task Name","Task Description","Task Due date","Task Status"
"Project 1 mastet edited","Desc project 1 Lorem, ipsum dolor sit amet consectetur adipisicing elit. Laboriosam quae eligendi cupiditate quibusdam placeat iusto quas corporis. Voluptatibus quidem voluptas odio laborum quos et ea, quae quia, libero explicabo a.",2024-02-01,"task 1 from project 1","Desc task 1 p 1 Lorem ipsum dolor sit amet consectetur adipisicing elit. Dicta, veniam pariatur incidunt architecto maiores, eos dolorem iure optio vitae vel voluptatem, reprehenderit tenetur asperiores iste magni officiis adipisci voluptates perferendis?",2024-03-08,in_progress
"Project 1 mastet edited","Desc project 1 Lorem, ipsum dolor sit amet consectetur adipisicing elit. Laboriosam quae eligendi cupiditate quibusdam placeat iusto quas corporis. Voluptatibus quidem voluptas odio laborum quos et ea, quae quia, libero explicabo a.",2024-02-01,"task 2","EDITANDO AHORA BIENEDITANDO AHORA BIENEDITANDO AHORA BIEN",2024-01-01,completed
"Project 1 mastet edited","Desc project 1 Lorem, ipsum dolor sit amet consectetur adipisicing elit. Laboriosam quae eligendi cupiditate quibusdam placeat iusto quas corporis. Voluptatibus quidem voluptas odio laborum quos et ea, quae quia, libero explicabo a.",2024-02-01,"Hola nueva tarea editada","Hola nueva tareaHola nueva tareaHola nueva tareaHola nueva tareaHola nueva tareaHola nueva tareaHola nueva tareaHola nueva tareaHola nueva tareaHola nueva tareaHola nueva tareaHola nueva tarea",2024-03-21,pending
"Project 2 master","Desc project 2 Lorem ipsum dolor sit amet consectetur adipisicing elit. Dolores tempora excepturi sint illo quaerat, cum accusantium autem odio eos architecto laborum illum consequatur eum aliquid impedit quas nihil reiciendis quidem?",2024-03-02,"task 1 from project 2","Desc task 1 p 2 Lorem ipsum dolor sit amet consectetur adipisicing elit. Consectetur deserunt assumenda quod quidem quibusdam maiores laborum accusamus ducimus placeat aut! Veniam ullam eum magnam dolore laudantium assumenda accusantium hic vitae?",2024-03-20,pending
"Project 2 master","Desc project 2 Lorem ipsum dolor sit amet consectetur adipisicing elit. Dolores tempora excepturi sint illo quaerat, cum accusantium autem odio eos architecto laborum illum consequatur eum aliquid impedit quas nihil reiciendis quidem?",2024-03-02,"task 2 from project 2 ahora mola","Desc task 2 p 2 Lorem ipsum dolor sit amet consectetur adipisicing elit. Nam quisquam quis praesentium odit aperiam doloribus fugiat tempore dicta error. Blanditiis architecto eum minima, nam aspernatur inventore ipsam illum pariatur earum?",2024-04-04,completed
"nuevo proyecto de Juan",asdasdasdasdasdasd,2024-03-10,,,,
"Proyecto de Maria","lorem123ultra editadoultra editadoultra editado",2024-03-10,"ultima tarea de maria editada por Admin","maria tienes que mejorar",2024-03-07,completed
"Project 2 master edited edited",qasdasda,2024-02-14,test,test,2024-03-06,in_progress
"last project","last project 
Lorem ipsum dolor sit amet, consectetur adipisicing elit. Perspiciatis necessitatibus placeat modi accusantium, fugit consectetur molestiae? Atque dolorum laboriosam deserunt? Error maxime aliquam possimus delectus voluptates minima facilis animi ea.",2024-05-01,"last Task","last Task 
Lorem ipsum dolor sit amet consectetur adipisicing elit. Quibusdam explicabo error provident reiciendis rerum voluptatum sint ullam, autem molestiae! Molestias nam quia repellendus exercitationem vitae illum doloremque iste eius eveniet.",2024-05-08,in_progress
